id,name,generic_email,contact_email,privacy_email,delete_link,domain,country
jpoIOv6nglORAmasjHXB11lrhB0Mb4MRnyja,AgainstData,,,,,againstdata.com,
60efb19c-b30c-4ce6-8100-734d5580c4a8,Google,,,,,accounts.google.com,
6Z6VZrSgtvzP7TF2ktHXzsKlpiDzKNXnElH3,Gmail,,,,,gmail.com,
2W553Zk9VoaEJuE1AwRtdkCGkuHggNiAdw3G,Google,,,,,google.com,
qXiardgFygFUT98zU8gqrXO42Ds28f1AV3qz,YouTube,,,,,youtube.com,
UMSbBIlYM2iP3VNpQMGLNvaW4KidNFLVeUBy,LinkedIn,,,,,linkedin.com,
SDtL50OaTpRzktLAdYJ7dv185J0QCcdtWEev,Facebook Mail,,,,,facebookmail.com,
dfe25b8e-d572-430f-a9cf-0a4495e45243,Instagram,,,,,mail.instagram.com,
34ccbddb-25e7-470c-a5dc-3c0d9c192945,Microsoft,,,,,accountprotection.microsoft.com,
JBIghW1w4ugjMnXbwE8PjwVmRNsfXfQcr9Lb,Uber,,,,,uber.com,
AOg31A1KfXIg5TvdD2KNtvdQkc9YMPdMFKv7,Google Mail,,,,,googlemail.com,
yus1jP1qgF7NFJd61I9ZWuQEjArvdaB0gEz5,Spotify,,,,,spotify.com,
Enp7dd4DKxmLNx8PTG5O3zIVaw1OIe5qcOYs,Amazon,,,,,amazon.com,
c9e940fa-ab10-4589-80a8-69c8098199cc,Apple,,,,,email.apple.com,
000000cf-6f8e-41bb-9768-2eb5316decbd,Retrospun,,,,,yojdf.retrospun.com,
000017a0-b5ef-4c68-9daf-39316dcc178f,Sytner BMW,,,,,specialistcars.co.uk,
9kEfHeGW2OzRuDvWblDRa0l2XjhecQjLkZ7I,Yahoo,,,,,yahoo.com,
2c6913e5-48de-481b-b36f-0cada2b08d0b,Microsoft Communication,,,,,communication.microsoft.com,
d8d8c163-eddc-4ec5-bdfd-019a3baa615f,PayPal,,,,,communications.paypal.com,
PeDfM1nGQBu0FghyoeJQscL8muzmB3kZMULk,Stripe,,,,,stripe.com,
v3Xs9Vs4sG5Np2qd7W3RtN1MlmAhfmCPGdg8,Hotmail,,,,,hotmail.com,
xbQcIU8jRpa23GU2K9eFXbNj0OSYDfyVOzMB,Airbnb,,,,,airbnb.com,
zjo8ApujZMy1GWPaaMYltjWFCFSaoc0VeI4d,Quora,,,,,quora.com,
211fb467-b566-4d38-8ab7-83f0312fc6d3,Apple,,,,,insideapple.apple.com,
ulKlys2uMQvmieeBnekofOyuJxpbuIgosHMc,Discord,,,,,discord.com,
e561baa5-d18f-4ab4-a0da-5ffbee9e47e9,Adobe,,,,,mail.adobe.com,
DqVUGlvAIFoySL4UXOTaJlQ5ztgtqDGDwV6H,Booking.com,,,,,booking.com,
b4a61bbc-7334-48fd-af73-ddf519fb1546,X,,,,,twitter.com,
c2d20caa-07aa-460f-9457-d2c6389c44b0,Apple,,,,,id.apple.com,
7fb693ab-3420-456d-93e2-66bd602f99e4,Pinterest,,,,,explore.pinterest.com,
3SE9rKYRrp54O9dLMLaMSl9qB2ur2Zx1xnmD,Dropbox,,,,,dropbox.com,
e565c5cf-35fa-4ca0-b831-39c309d3b703,Trustpilotmail,,,,,trustpilotmail.com,
ec22bbdb-f787-4a58-a8fd-812c0973d828,Pinterest Discover,,,,,discover.pinterest.com,
myykYoWnvJt8b5AY0TDwTxkM7IEciaQpLJO2,eBay,,,,,ebay.com,
3989f1e5-e31b-4f38-aa7c-88c5d30e9178,Indeed,,,,,indeed.com,
32b46787-7944-46f8-8d3b-97ede42ff5f6,Linkedin,,,,,e.linkedin.com,
yXjxr4XE72eUtoehQPgv0ji8oP9ILGwbqqRn,Zoom,,,,,zoom.us,
UriJP8CvwHXo0OJNW4bfmlRfoQB78VpcG6lQ,Redditmail,,,,,redditmail.com,
sqQ5qQjF94G5khEoNeVPTC1xIazjc1kKTtui,Microsoft,,,,,microsoft.com,
CWMc09YbvECNUJ2Wlfnl7fJbiFadpEtssvRj,Icloud,,,,,icloud.com,
a1d5813b-7fe3-4e53-862d-101495c34487,Pinterest Inspire,,,,,inspire.pinterest.com,
iBKeWbejVVg3mAgTorDsXAqWk31yxBv0w1GG,Snapchat,,,,,snapchat.com,
yKeNRbyLeuH3hLP1ta8BpVgYAuruzRCsXHyX,Revolut,,,,,revolut.com,
nn4qDAV23qWa5pjssiy6xezKyd9NOC1b3sfg,Microsoft Outlook,,,,,outlook.com,
qCzUUfhiG8xqj5EOJZbbXM0r5YetyhBZifuH,PayPal,,,,,paypal.com,US
8481fd14-474f-41f0-b0f5-79d93d5e7e45,Pinterest Account,,,,,account.pinterest.com,US
93FEMROc4C9BWPGfP2b5iLmUJr0NWdh5KD1k,Duolingo,,,,,duolingo.com,US
wlLMjthsV6aJpnVrY7Qqch9Tt2CGM28zMhYO,Adobe,,,,,adobe.com,US
5899f3a0-c254-48a7-ad2b-3f31e70b0b6a,Steam,,,,,steampowered.com,US
7d035f25-fdb5-4b80-9550-d6e7e66f2471,Medallia,,,,,express.medallia.com,US
Wt2KwNzIdOrOTi1y3frhMOOSOPXf4XZlBTNx,UPS,,,,,ups.com,DE
a5ace077-d4f3-4586-aa4a-79406edf47d7,Pinterest Ideas,,,,,ideas.pinterest.com,US
JWyPz9mFYvE92RnMSE5ScXMN9OrnHvYRO79N,Substack,,,,,substack.com,US
0d13ba4e-634a-4e40-b5d8-d4019bb224ce,Paypal,,,,,emails.paypal.com,NULL
690ba9f1-174a-4ad1-9034-b763eb11a043,Shopifyemail,,,,,t.shopifyemail.com,NULL
cbcc7a75-4adb-4db9-ac8a-751ee6779f8f,Samsung-mail,,,,,samsung-mail.com,KR
8908b39e-aa23-4c67-8e85-ad7c61f08d3e,X,,,,,x.com,US
cm1p4zEkCnJT0G3Ep7sOu9pyurPNTEg66ilr,Primevideo,,,,,primevideo.com,NULL
jxuDRaeBxc97HgBuUbHTt9HurFpkYN7WAYt2,Apple,,,,,apple.com,US
3150b8fa-667d-4e3c-b5f9-f7620aba523a,Qemailserver,,,,,qemailserver.com,US
nQcsfE5JAQjuonCidwhC9GVPUNkYgig7iho0,WeTransfer,,,,,wetransfer.com,NL
84bcfca5-c4fb-4328-90c6-5b1aad0798c3,Netflix,,,,,account.netflix.com,NULL
d8bdf24d-55ff-4bf0-b283-b87f1d1d665c,Dropbox,,,,,em-s.dropbox.com,NULL
d2e85520-87c6-4dcf-9811-11d40a291243,Beehiiv,,,,,mail.beehiiv.com,US
2afd1bf1-b539-4e88-a0c4-8362f6512f50,Tiktok,,,,,account.tiktok.com,CN
TDj06OV2Frhmo49jc4xf31Hv77V9SH5D7gLn,Glassdoor,,,,,glassdoor.com,US
6b2c5544-9a9c-4e62-8580-15df0e980e70,Shop,,,,,shop.app,NULL
567d0d38-c912-402b-8b11-c2685a4272bb,Tripadvisor,,,,,mp1.tripadvisor.com,NULL
735e2a14-48cd-4328-a99b-25cebe3591b0,Electronic Arts,,,,,e.ea.com,US
lwuFFmNdHCM5msVP2zQbJ3b1wX37iKBOe2zw,AliExpress,,,,,aliexpress.com,SG
9c6da70c-4626-4c34-ada0-63ad1654f91f,Booking,,,,,sg.booking.com,US
8f799779-d8d8-491a-9481-cf976860155d,Netflix,,,,,mailer.netflix.com,US
0ecdb3b4-6443-4156-aef9-2698942cd62d,Booking,,,,,property.booking.com,US
289c99b4-e531-4997-9663-b8327eaa74f0,Etsy,,,,,email.etsy.com,US
15746ae9-5db8-4d63-8fc5-21e56450707c,Academia,,,,,academia-mail.com,US
c52c64a3-1ded-478f-bc10-cc2b272755fb,Etsy,,,,,mail.etsy.com,US
25863cd6-daa5-4b7a-b53c-2e430a1bbfd2,Disneyplus,,,,,mail.disneyplus.com,US
FlzFFNzQJ3PNRN8BfBqQ8rmyuNNlIDNiuqNc,Canva,,,,,canva.com,AU
IF47IFXl0OQaGyLyOyjTXwvsOTrWvr3580Ps,Bolt,,,,,bolt.eu,EE
147c2afc-6e2d-4ec8-bf3d-614531d31076,Canva,,,,,engage.canva.com,AU
ec6b6a7f-e36d-46de-bb4a-bb7fa27bb083,Shopifyemail,,,,,g.shopifyemail.com,NULL
296c32d4-250c-453b-8bb9-d68ba75563c1,Ccsend,,,,,shared1.ccsend.com,NULL
3039e765-2a47-4858-8018-d214025a878c,OpenAI,,,,,tm.openai.com,US
RVZbWgyVyWCCteF6Wwjmw6yjyJeqQI3E5ql0,Twitch,,,,,twitch.tv,US
8efc3743-983c-4285-ade3-c63587acc0ad,Etsy,,,,,etsy.com,US
elamwDUnnVAxLyd3uNXR1kunum7Py1Ui3jxg,DHL,,,,,dhl.com,DE
b18bd52a-c795-4afc-a6c2-fae7f38d8a08,SurveyMonkey,,,,,surveymonkeyuser.com,GB
2d6e57c8-3426-4a82-b168-4807d3334f0c,Google,,,,,docs.google.com,NULL
78200ea3-6bee-4f77-8184-4848534eae20,OpenAI,,,,,email.openai.com,US
ff67ec61-2508-49d5-aa98-2cb44cff50d2,Facebook,,,,,support.facebook.com,NULL
6cc74006-b5f6-4fb2-84f9-43d39e8fcbf1,Nike,,,,,official.nike.com,US
37cfe4ef-cb53-4054-9e85-e99363a525fa,Google,,,,,plus.google.com,US
b22b49b1-2f47-4ae9-b0a6-23cb636e3281,Wish,,,,,wish.com,NL
4ac1905f-6a1b-47f1-8be1-9554ea51e6e5,Paypal,,,,,mail.paypal.com,NULL
d83f3210-da4b-4546-a16b-8c5018364e48,Amazon,,,,,amazon.co.uk,US
d855b1c6-abe6-4765-9d75-006f33b652f6,AliExpress,,,,,mail.aliexpress.com,CN
346e088a-5f77-4497-a5ef-0bef5c582f7b,Aliexpress,,,,,notice.aliexpress.com,CN
ffcc7d18-5153-4182-8408-30b9c20cf922,Netflix,,,,,members.netflix.com,NULL
pVfZsL1IMlZt1M0zlxDHaYpetfV90Rds2VDk,FedEx,,,,,fedex.com,US
9a087d14-7176-4a2c-90f5-ca329d91e751,Google,,,,,policies.google.com,NULL
7d9720ab-b328-4f87-8165-2f926f89ec51,OneDrive,,,,,mail.onedrive.com,US
430fb60f-15dc-4886-a395-78ab52563a7b,Notion,,,,,mail.notion.so,US
IbIvY2nBzoS408G8zaxqyaZRRCSrvaFVjKas,Calendly,,,,,calendly.com,US
6ca0a300-b626-437c-97e9-139910b987d4,DocuSign,,,,,docusign.net,US
82a7c533-2ee1-4adb-97ef-6bd600f31c08,Eventbrite,,,,,order.eventbrite.com,US
X36tnprfieHvoPcgSgjWknJgTF0rf1FKBYNt,AOL,,,,,aol.com,US
vKdqWHJBp2ZHa2YbOzm1JgFDRk9rjYnKEqUn,Dropbox,,,,,dropboxmail.com,US
df215d0d-5e62-4fbe-9929-1b6e8724a742,Coinbase,,,,,mail.coinbase.com,IE
n5rp797CH8IpJh9yQZ9ESWFKUFFPWDXJCkeB,eMAG,,,,,emag.ro,RO
6c9dcc86-25cd-4f70-9ecd-3813c34a0333,Ebay,,,,,reply.ebay.com,US
lNKVMSgdDj4cqxTmlU7c4sWHjgqLQjR56R7G,Patreon,,,,,patreon.com,US
071d67ec-e0bf-4ea3-b28e-17c8da91a33c,Samsung,,,,,m1.email.samsung.com,KR
0ef71739-b391-4727-8ba8-0d68c3703f5c,Shein,,,,,sheinnotice.com,CN
IhfBEOAfTez9oFytk1atuLHH58EvBb9Ao28E,OLX Romania,,,,,olx.ro,RO
d8c3cda4-6bf5-49a9-b47b-727030b73194,Epic Games,,,,,accts.epicgames.com,US
6ff9fa28-57ee-439d-8334-e5ccf6070fb5,Microsoft,,,,,microsoftonline.com,US
1379f209-da83-4ebf-9913-02eed38fa17d,Venmo,,,,,venmo.com,NULL
f1fd21cf-5c57-46fd-bf2b-7389ced5fc8b,Squareup,,,,,messaging.squareup.com,US
J3OSbrc4GSo9DuPAVNJjHzj6bFhvjari5Wpb,Eventbrite,,,,,eventbrite.com,US
79f8f907-2e0b-4f01-b2ce-adea12311d57,Honey,,,,,my.joinhoney.com,US
df8f1f85-c063-4259-a7bd-3605e2231b23,Eventbrite,,,,,event.eventbrite.com,US
ec701510-455a-49a6-9e03-ed2f7c1b696c,Link,,,,,link.com,NULL
5331a1d3-ccb7-4cff-b261-f03150571c96,Facebookmail,,,,,priority.facebookmail.com,NULL
8af70fb9-6d9f-465d-a22c-663e156edba7,Doordash,,,,,doordash.com,NULL
c547ae45-d76e-4634-82e5-e2aa47e0dfcb,Tinder,,,,,gotinder.com,US
c707962a-bb8d-40c0-8ca7-e32c34b1ae05,Xbox,,,,,engage.xbox.com,US
b2b40a70-bc77-43f7-89fa-6eeb2987c52f,NULL,,,,,myworkday.com,IE
afdf98f3-d1bc-411c-bcd1-ea1c6e2f4d21,PlayStation®,,,,,email.playstation.com,JP
1a39f0c6-373f-44f0-ab54-5405538dd804,Ebay,,,,,info.ebay.com,US
2dda7cd2-a68c-4175-bee3-93e71bf55ce7,Apple,,,,,privaterelay.appleid.com,US
kKJN7ZBdZBbyENepj9E7hk6Trff7H0P6m65M,Slack,,,,,slack.com,IE
4FZCGFXFZENxvNdSUvRWettTkATm1lWM6xxC,Shopify.com,,,,,shopify.com,CA
651d9966-86d9-4970-8bd6-fc6789269c1a,Ticketmaster,,,,,email.ticketmaster.com,US
pLwrzcNSlqqvROuKmEdatHgGcIJNhWf9bwZv,Me,,,,,me.com,
76c1ae1b-19e0-47a5-a719-c197b23206e5,Adobe,,,,,email.adobe.com,NULL
4maX9XTyDwhrWksaz6iqg1mzA5VRvGnBgy5g,GitHub,,,,,github.com,US
77acca32-c124-44a1-bf9e-50cdc950839c,Yahoo-inc,,,,,cc.yahoo-inc.com,NULL
0fc77cff-6f97-480b-ace5-7e59c855ab30,Vimeo,,,,,email.vimeo.com,NULL
9b7fc8e6-0e77-42b3-8615-4aac06515e4d,Change.org,,,,,e.change.org,US
JFgTjuNCnj5cDK9QzvAHpX0SsY3J4sIglo0C,WordPress.com,,,,,wordpress.com,US
2ca711f5-a9ce-4b34-8e02-7b7bce85ec4f,Zoom,,,,,e.zoom.us,US
d14401c0-f4a9-43ff-bf0b-ad1eed21122d,Jotform,,,,,jotform.com,US
a06d9b49-6821-472b-b7dd-7ac23619dca3,Ubisoft,,,,,updates.ubisoft.com,FR
ZV0NmPYAJEr1TCmbkvhrvwcrsrJsrSYBdtX7,Medium,,,,,medium.com,IE
16fb1389-3e13-4e46-959b-35650284fa87,Tiktok,,,,,service.tiktok.com,CN
38aa5309-9989-4caf-88c6-25e98f6365f8,Ebay,,,,,members.ebay.com,US
01a967f1-7530-45fa-ac54-0aae676b75b7,Emag,,,,,e2.emag.ro,RO
13b8fad7-44c0-4801-92d9-51b6f4d2b909,The New York Times,,,,,nytimes.com,US
CVSk5ekIkGQ0sq6nMKC7S601ilWsKD7u9vtR,ASOS,,,,,asos.com,GB
7AFjJfhURQXF1wibiFhVwhGbeunEjen6lbrv,IKEA,,,,,ikea.com,NL
30041789-7bc8-4b9e-a234-6137366e9a7b,Goodreads,,,,,mail.goodreads.com,US
57ea0473-4c60-4955-98be-f5832b7fed66,Judge,,,,,judge.me,NULL
fe41556d-4c77-4d95-a557-d3d405469156,Yotpo,,,,,yotpo.com,IL
e7a54385-18f2-415d-a906-e42127866cf9,Eventbrite,,,,,campaign.eventbrite.com,US
e454719d-db85-4c19-ac42-021cd2bc0449,Expedia,,,,,eg.expedia.com,US
3662f7bf-e08b-4d40-9a31-4e1f98b08342,Newyorktimes,,,,,service.newyorktimes.com,US
179d050a-bec3-47a0-ab35-0ef8477ed40b,Bazaarvoice-cgc,,,,,bazaarvoice-cgc.com,NULL
cc93dc66-f7b4-44f5-9b2d-3a7156b26f24,Chess.com,,,,,chess.com,US
dc0f6203-2964-468a-bd10-59f028b3bad8,Hm,,,,,email.hm.com,NULL
6d8be100-688c-4f59-ad09-63057cc8e8ec,Shopifyemail,,,,,m.shopifyemail.com,NULL
yBWjohOlajCWI5PnjqdSDFANsqRXaN1j6iaH,Reddit,,,,,reddit.com,US
6e868ae7-b02a-4fe3-beb0-c8f81e8ee747,Hulumail,,,,,hulumail.com,US
32c6ea83-e19a-4070-b350-3b7dc79a4104,Soundcloud,,,,,announcements.soundcloud.com,NULL
d7ff9ca6-b501-4817-92d3-3b209de101d0,Sheinemail,,,,,sheinemail.com,NULL
tX18VIrsAx0KQzknyVin9m2dzQWB0mstolq3,EuPlătesc ,,,,,euplatesc.ro,RO
cf9b7d44-7f21-4ed4-935c-4e69aee84c19,Delighted,,,,,delighted.com,US
8ad47110-b710-4452-b539-3426b456288b,Walmart,,,,,walmart.com,US
c7a22275-eee3-4da7-918c-25989149be9c,Bolt,,,,,bolt-rider.com,EE
b6320b99-3202-4156-b7f0-014c62636c5b,Venmo,,,,,email.venmo.com,NULL
5f981ea4-331f-4371-bfb2-f4c3fafa0476,Tumblr,,,,,tumblr.com,US
570eaf98-36f0-49ad-9f5b-bf25710f3314,Temuemail,,,,,eu.temuemail.com,NULL
a7b3062d-900b-437f-b157-1fba1f75a7cf,Paypal,,,,,intl.paypal.com,NULL
101da81d-c9be-40de-ad01-d1531bbf42c3,Microsoft,,,,,infomail.microsoft.com,US
2becb050-cfc5-4caf-a68e-72b3739b6b2e,Stellaconnect,,,,,stellaconnect.net,NULL
6416dd7a-0083-4474-a4ac-ff5365db3ede,Pdffiller,,,,,pdffiller.com,NULL
dddcefd1-df6e-4839-893d-8d6d9b94b4bb,Strava,,,,,update.strava.com,US
SWmlEGfDAG5pOJek8vcukhBGyWmw8cBtRnb5,Discord,,,,,discordapp.com,US
b6742fec-1833-4c11-989d-9d6f8a85e627,Sonyentertainmentnetwork,,,,,email.sonyentertainmentnetwork.com,JP
35ac8b88-5891-4252-b103-a76a0c43084e,Medallia,,,,,express.sea1.medallia.com,US
5e6128c3-e378-41b2-a637-fa0ddddcaa72,Bestbuy,,,,,emailinfo.bestbuy.com,US
bff2312e-6969-497a-99d3-36ff348e986a,Opentable,,,,,opentable.com,US
e2e41ca4-ee9d-4948-8ff3-53102b1a1b70,Nintendo,,,,,accounts.nintendo.com,US
4ad9edb1-5161-4309-a96d-e47064308379,Zillow,,,,,mail.zillow.com,NULL
5b576410-316e-41ca-b20c-5a829b277f2c,Indeedemail,,,,,indeedemail.com,NULL
1b1e804d-350b-44b5-9659-40f7701ca4d7,Royal Mail,,,,,royalmail.com,GB
bea456dc-c143-41de-9b64-3828d1b9f319,Nianticlabs,,,,,email.nianticlabs.com,US
1fd840ed-05ad-4be4-a550-98b8f60f965b,Starbucks,,,,,e.starbucks.com,US
b7855fb4-bb2a-4338-8fb0-f40acd58109f,Pinterest Notifications,,,,,notifications.pinterest.com,US
285405f7-69a0-4c4e-ad7e-91dc7a78b7c8,Wix,,,,,emails.wix.com,US
12a34602-5014-43d0-8723-bcdcdf7701c7,Sameday,,,,,sameday.ro,RO
Mf0pY4nfguhMmAGhXMIr79jpLeEGsmE3mbC1,Paddle,,,,,paddle.com,US
hPBz64DGBFg0MJ4SmufziThEnqAzz2ijWiyq,Coinbase,,,,,coinbase.com,IE
2bbcbdeb-9b64-4a94-ba8b-fd2b2fa70dde,Smile,,,,,customer-mail.smile.io,NULL
bc0bc18f-7297-4780-a171-526186035184,Ikea,,,,,info.email.ikea.com,SE
41477652-2fd2-4eec-9aa1-d8bcf2c5f927,Lyft,,,,,lyftmail.com,US
8ee0d6dc-4d3f-41ff-8ca1-c3410ae42bd7,Coursera,,,,,t.mail.coursera.org,US
5d8af30d-2d0b-42cc-b687-23af5c1d33f1,Audible.com,,,,,audible.com,US
a722c512-ad8f-4d50-b8bc-1ec7ec9fdc5d,Grammarly,,,,,send.grammarly.com,US
c820677d-bcd9-4ae2-9d4f-c73a4d204a6f,Qualtrics,,,,,qualtrics-survey.com,US
c89308ac-876b-4d7b-85b1-fa54e62a869c,Gov,,,,,notifications.service.gov.uk,GB
6j3OHT9FnZlAf96xK3hbxKMm85dwvNX3In8R,ING Bank,,,,,ing.ro,RO
92c55fce-8f40-457b-929f-140bdd20e764,iTunes,,,,,itunes.com,US
98c0e798-99ac-4e82-a3f7-3fffc203cdec,Aliexpress,,,,,deals.aliexpress.com,NULL
65477811-adf1-4601-b0d3-cc61aef215c1,Disneyplus,,,,,mail2.disneyplus.com,US
80a5fe90-b863-4c4c-a1f3-ff9b6c50f00c,Apple,,,,,orders.apple.com,US
7c98d0a0-a2be-4e2b-b0db-8b3bbcbd3af9,Trustpilot,,,,,trustpilot.com,DK
fb9a9836-2056-4ae1-8b63-08bfa5a32a3f,Pinterest Sherlock,,,,,sherlock.pinterest.com,US
2ac0d939-71ac-4a73-b171-569d71e7a7d7,Poshmark,,,,,poshmark.com,NULL
63ac1c56-795c-449e-b6c4-e3795651f662,Waze,,,,,waze.com,IL
a9044b7c-a1a5-4d6b-87f4-c0a54e034cc1,Mega,,,,,mega.nz,NZ
tX3V8UU6eO3t7Pt0ZfrE2BuA7QOTALylCyef,Dpd,,,,,dpd.co.uk,GB
2fa41f74-cdf8-4060-80ca-94ffae40e184,Microsoft,,,,,account.microsoft.com,NULL
2064190d-617f-4896-bafc-60ca4c63465f,Paypal,,,,,paypal.co.uk,US
e226a8f6-d211-4c85-9de7-53645d6bd7b9,Loox,,,,,loox.io,IL
959fa359-bf43-4769-a1ac-db6e32cfa0ae,MyFitnessPal,,,,,myfitnesspal.com,US
c445ab2b-3c78-4510-a3c7-ac1a244b35ab,Binance,,,,,mailersp1.binance.com,NULL
ac58cd1e-5973-45db-9231-1a6242b95f28,Glovo,,,,,info.glovoapp.com,ES
52142375-a5a9-4370-9e34-f5c18ebb1a44,Uber,,,,,email-support.uber.com,US
52df33fc-ea91-4497-905c-79e5b7fa7e84,Nextdoor,,,,,is.email.nextdoor.com,US
92ef26b0-60cf-42c3-b72a-83cf66e1d142,Shopify,,,,,shopifyemail.com,CA
f7022a0c-e709-48fe-94f0-13bb734aaa67,NVIDIA,,,,,tmail.nvidia.com,US
4df5cc47-1d55-4f42-b877-9b7322b51ae5,Acuity Scheduling,,,,,acuityscheduling.com,US
c5614c4e-57e3-42b4-b352-c797565f535d,Playstation,,,,,txn-email.playstation.com,US
0ebfa233-6f14-4d25-90e9-af7fa9179fb8,Grammarly,,,,,mail.grammarly.com,NULL
568a2ebc-2ab5-49b7-bdbd-c066b21a5d5a,Wise,,,,,wise.com,GB
c12c8fc0-99da-4e35-a507-33f36d53b442,Apple music,,,,,applemusic.com,US
0f73da9b-def7-4d1c-bd4f-5e85f9112107,Temu,,,,,orders.temu.com,NULL
74046dcb-1c91-4923-97d4-c575bc2ad95f,Playstation,,,,,txn-email03.playstation.com,US
bd99ee58-1169-460c-8bc3-269d038e47a4,OnlyFans,,,,,onlyfans.com,GB
bdabb8d6-7f5d-415d-828d-4e07e41c90a7,Coursera,,,,,m.mail.coursera.org,US
8cb229f0-ae43-4060-b966-18e719f84dd9,Intuit,,,,,notification.intuit.com,US
1bc0edac-c6bd-4c70-8b64-84c0cd4f9125,Inmomentfeedback,,,,,inmomentfeedback.com,NULL
0f78155c-baee-4dab-9201-692c94c5b14f,Trello,,,,,trello.com,US
vAw89JvZLWmgWEhCfXwbxzLZZ3ARLXt2VYtx,Live,,,,,live.com,US
bcf90421-1d18-4a80-b3ff-af137e1795f2,Cargus,,,,,cargus.ro,RO
c6e22f50-3954-4571-9841-f0257feeb5bd,Tinder,,,,,mail.tinder.com,US
91d6a658-1138-4eca-91b9-15c358889611,Microsoft,,,,,engage.microsoft.com,US
8147873f-8876-44bf-8657-6bc08ab47bd4,Evri,,,,,evri.com,NULL
J0zyJyqU26SpKVWMiUrAMNU1gc7HN3SRAsvN,Upwork,,,,,upwork.com,US
1228c2c3-511a-4ee1-ad93-393057dcaa76,Alibaba,,,,,service.alibaba.com,NULL
44716579-2087-4f1a-b6ee-4d0291c8b1de,Grammarly,,,,,info.grammarly.com,NULL
yX5NI3jT7n1z8rnwTQKx5agnXlunnzcOU1Gs,NETOPIA Payments | Bucharest,,,,,netopia-payments.com,RO
12753722-0e62-4e0c-be19-b6d7f2fcb4a7,Gumroad,,,,,customers.gumroad.com,US
ee6e15fc-509e-497d-bef1-7f9bad3f22cc,Target,,,,,oe.target.com,NULL
271021ef-1270-428f-8894-bbeac8b593e8,Calm,,,,,breathe.calm.com,US
4b7cf658-6f33-41ae-997e-22bb0a09293b,Nike,,,,,notifications.nike.com,US
27ef6201-4c83-402b-9112-8acb631771c3,Ebay,,,,,noreply1.ebay.com,US
168a442f-ebd3-4195-bbc8-5d06cf2d3717,Disneyaccount,,,,,disneyaccount.com,NULL
938fb694-a740-4979-a612-a144461581e7,Intuit,,,,,intuit.com,US
95a6f5b2-28a8-4b78-b93f-4bd5946324ae,Binance,,,,,mailersp2.binance.com,KY
219a6d03-0dfc-4a54-97cc-a67f07d70c2f,Lyft,,,,,marketing.lyftmail.com,US
539db8f2-a419-495b-a413-95ff9ae2c3d7,Gofundme,,,,,gofundme.com,NULL
32a59575-cd80-45ac-9341-757ed4a31ba9,The New York Times,,,,,e.newyorktimes.com,US
CDHR5WexbljIYanLmhglHsNsIMYBZIdPDYPJ,Epic Games,,,,,epicgames.com,LU
eda3c123-0054-461b-9a0d-2d079db2e740,Quizlet,,,,,newsletter.quizlet.com,US
836864b3-9053-4832-8b7a-b69d46b8207a,Target,,,,,em.target.com,NULL
d80f6b0a-533d-4b0d-8632-ac905c88a406,Hm,,,,,autoemail.hm.com,NULL
3d00c55b-7116-4c4e-a291-bd589776d47e,星海,,,,,battle.net,US
35e372c0-fc17-4906-a1ad-79320a25f0d1,Temuemail,,,,,market.temuemail.com,NULL
ff9f8ea1-32cc-4d99-a98c-8f50601d65be,Walmart,,,,,em.walmart.com,US
879b697c-5f15-4393-91e6-105301902ef4,Chase,,,,,chase.com,US
55472b58-d7d9-496f-9f64-9565cad90ff4,Nintendo,,,,,mail.nintendo-europe.com,US
72e1d122-d2e3-4d3e-a6a1-3e68298d82e6,Thetrainline,,,,,info.thetrainline.com,GB
1327605a-7630-4f06-8332-64b6a6bde7b0,Supercell,,,,,id.supercell.com,FI
1874e542-4d2b-4e16-8797-0b5dfa87444b,Gumroad,,,,,creators.gumroad.com,NULL
19d930df-85dd-4a61-a9d2-94ebace6fc60,Epicgames,,,,,email.epicgames.com,NULL
16122344-6bf8-498b-9130-4f3b623e62b2,Todoist,,,,,todoist.com,US
40b9ec9f-12b5-4c05-a60a-ecc6e84183a4,Coinbase,,,,,info.coinbase.com,NULL
d7e0f0f3-e862-4b4d-b61c-dc5d799af93a,Shipstation,,,,,shipstation.com,NULL
6ffbcf42-9046-4ad3-96fb-59221b1f3956,Fiverr.com,,,,,e.fiverr.com,US
5cb65d87-343a-4865-b80b-fecc425a9bdd,Shopify,,,,,email.shopify.com,CA
17153e70-95bb-40fb-a4cf-e71716c6ffdb,Quizlet,,,,,lifecycle.quizlet.com,US
8b047eda-5596-4235-bf2c-79c851e01531,Toogoodtogo,,,,,toogoodtogo.com,ES
5694c9e9-fd25-436d-88ee-d1eea3d93648,Capitalone,,,,,notification.capitalone.com,US
19b9ea59-3f1c-41f1-8da2-4892a159b1f8,Squaremktg,,,,,squaremktg.com,NULL
6cba092d-802e-42b0-bf3e-605ad9ff6a27,Icims,,,,,talent.icims.com,US
ad3001bf-a81c-4951-b90b-f6ea0ce362e8,Onedrive,,,,,onedrive.com,NULL
fCYDfx5qaRd85LHeCrm0hDkcy1QwSvfBtGQO,Glovo,,,,,glovoapp.com,ES
3d502989-2f29-4f7e-a643-8cd6b47a9354,Altex,,,,,news.altex.ro,RO
92d2cc1a-3413-4639-9bb4-f55014ffe5d0,Peacocktv,,,,,email.peacocktv.com,US
ad07dd32-d661-4343-a5f3-c7ba1a815c12,Joinhoney,,,,,joinhoney.com,NULL
Q01qUdYuQD9NEV8rdeTBxAM6L6gLQWF9x6Bp,McDonald's,,,,,mcdonalds.com,US
411e1c44-0a63-4974-b7eb-a842ef491b1e,Instacart,,,,,instacart.com,NULL
7cea04d7-2b40-439a-a7e9-d256080a8a1d,Adobe,,,,,adobesign.com,US
014d0ee1-6ee8-418c-9134-592b69720cc5,Square,,,,,square.com,NULL
ac51ab40-e2d9-4893-a666-ea0c00215822,MSN,,,,,msn.com,US
31aec83b-8c4b-4f3a-b933-b2c525d69a8b,Scribd,,,,,accounts.scribd.com,US
98bb78bd-a2d2-46a8-bd66-5490ef89989d,NVIDIA,,,,,nvidia.com,US
077ecd8f-916d-44ca-b4ea-dab05b337c54,SmartRecruiters,,,,,smartrecruiters.com,US
e1bda7ec-35a8-4bdf-87dc-1e7970cc68bd,Marriott,,,,,email-marriott.com,RO
05b293f8-7e85-458c-b92d-2c7e8a5151d2,Klarna,,,,,e.klarna.com,SE
s2X6PtX3omBsKx6XWL3YD36TkwodYU8CGDqB,Nordaccount,,,,,nordaccount.com,
7f937e2c-5590-4708-9731-57a455655fb6,Feefo,,,,,feefo.com,GB
6d4d085b-1ba9-4792-9a3c-4a67a0b88224,Ebay,,,,,nuwelcome.ebay.com,US
be1b4c59-c99e-442d-a6d0-9b5226bd78c9,Coursera,,,,,m.learn.coursera.org,NULL
0fc76258-f631-4dba-986a-1b98507f7a55,Sony,,,,,email02.account.sony.com,JP
KJeZVS4YCy9pjGevIsLehoy0TKhacwtkWw8h,GoDaddy,,,,,godaddy.com,US
707a5739-8f58-421f-b00d-6112dd73f929,Toasttab,,,,,toasttab.com,NULL
59806a30-2071-41ed-bb94-74a1f2d0fde3,Yahoo UK,,,,,yahoo.co.uk,GB
621fc9ab-f33e-4b10-b784-22f0bd13b0dd,Doordash,,,,,messages.doordash.com,NULL
I5YKMkR8yQU4EaKncQiznAGEDBuYp7BOGGYh,Figma,,,,,figma.com,US
HxvKixY7wa2WWTcfuEUATNrUUNRagmiAYUmU,Zara,,,,,zara.com,ES
245c1fdd-d8f2-457b-80b5-cb6d3ea71494,Americanexpress,,,,,welcome.americanexpress.com,US
e1c4761e-df9a-4f29-94f5-fc40d8431c3e,Microsoft,,,,,notificationmail.microsoft.com,US
cb1f1d0b-8d8b-47d5-9493-ebdd03d95485,Co,,,,,hotmail.co.uk,NULL
d8575ba0-0ec7-403b-bc3e-5ee03e131bd4,Windows,,,,,engage.windows.com,US
7a3cd24f-7fc0-4e04-ae58-ffe876b225c2,Amazon,,,,,marketplace.amazon.com,NULL
acc32677-2817-4288-924c-9f9b6cb0ba5e,Samsung,,,,,samsung.com,KR
71de2669-53d5-425c-b389-97f63c1a7145,DocuSign,,,,,eumail.docusign.net,US
7840ac9a-7e92-4940-9191-6824e167c15c,Life360,,,,,newsletter.life360.com,US
56172446-4d53-4667-8ef0-39a17bede094,Epicgames,,,,,acct.epicgames.com,US
07307c43-9e78-4b0d-8914-9dfecc946c6a,Office,,,,,email2.office.com,NULL
gKuz7lSgb1sqaqPv5b0d6bSAaquqKieVidBm, 16Personalities,,,,,16personalities.com,GB
rMRjnQGTEs87a6qjOR5POFVD43pIuEBuOkG6,Bbc,,,,,bbc.co.uk,GB
2acb96b1-8c48-4ef9-9ab1-af469df95fad,Trainline,,,,,comms.trainline.com,GB
39dd8825-e786-478a-8e79-47e45fa06a90,Delivery-status,,,,,delivery-status.com,NULL
05df436d-cb23-4660-bd5d-117b3a581949,Shein,,,,,market.sheinmail.com,CN
a80ddb0d-caa8-4432-9fb7-251b0536b1c5,Smg,,,,,smg.com,NULL
f2296566-fc39-4ce8-84c3-36012b7e9d91,Intuit,,,,,em1.turbotax.intuit.com,US
a6f9c6f2-ec50-49f7-a057-c3b310f93fce,Mailchimpapp,,,,,mail.mailchimpapp.com,NULL
ac5d0a81-2086-4f2d-ba88-81f2011dce33,Workablemail,,,,,candidates.workablemail.com,NULL
f706fac3-1bdd-4eeb-8e15-7b0b5504e47b,Fitbit,,,,,e.fitbit.com,NULL
28a1090c-d1b8-4a86-9874-a1d324b4b7b0,Robinhood,,,,,robinhood.com,NULL
EBg5aTlt1uP6Jnz3UUd3482tNBxi49QDrfGd,PayU,,,,,payu.com,RO
c793b6f5-81a6-4300-b947-712bd44109eb,ebay,,,,,ebay.co.uk,US
6b4e6d3b-d5f6-4b9a-853d-abe1ef41e33c,Google,,,,,classroom.google.com,NULL
6M1gAH6TxAoamwpm3CkaVBAX74UWZTQNmdeJ,StockX,,,,,stockx.com,US
c78e4bcb-00ed-48cb-84ac-0c2e0229bd7c,Sevenrooms,,,,,message.sevenrooms.com,US
71a2b44f-68bd-492e-8d37-2c3cbb153a7e,Deliveroo,,,,,t.deliveroo.com,GB
5eb0b739-50b4-4a5b-b974-c1e0dc218f20,United,,,,,united.com,US
5727a1fc-36b5-4823-9733-b633e16053e6,Change,,,,,a.change.org,US
rvRoXAgUj8kxvA1wwpBqtWLJS3Q4sqLhEBQS,MindBody,,,,,mindbodyonline.com,US
a93682a6-8996-49dd-ac7c-9d4a01409fa7,Olo,,,,,olo.com,NULL
7dfcd98c-d51a-4271-a7e3-44bbe4409f66,Shein,,,,,edm.shein.com,CN
635c84b6-4e6a-426b-a663-28066997d9e4,Studentaid,,,,,studentaid.gov,NULL
ca89703d-e29a-4332-b236-ec4d7d07594e,Khanacademy,,,,,khanacademy.org,NULL
ae178c66-0e44-4916-a303-4ca5243a45a5,MyHeritage,,,,,myheritage.com,IL
bd7ca8f8-e9c7-415b-b220-e8fd9193ebfb,ebay,,,,,reply.ebay.co.uk,GB
hKI6CbjhmtOnDo9WU7xVsKsZL3zGHIy25Zaa,Splitwise,,,,,splitwise.com,US
4bde57a1-3fff-4a80-9754-5f642d959a6c,Expedia,,,,,expediamail.com,US
9783b8ee-8965-4ac2-98ea-f3d846a82afe,Nextdoor,,,,,rs.email.nextdoor.com,ES
d2fda158-49c2-4c58-8482-781b401e2c91,Ismartlife,,,,,notice.2.ismartlife.me,NULL
cbf35a5b-0341-4216-9abe-5acb99396fc6,Hm,,,,,cs.hm.com,NULL
OcSMW1x86JSYEzr0fFfas5aKbYblx7SPjfrM,Amazon,,,,,amazon.de,LU
88f9e206-6c7a-4357-9b17-6134ba106be3,Alibaba,,,,,notice.alibaba.com,CN
507e89eb-85b4-4043-a10e-fc6e764ae2e1,Squarespace,,,,,squarespace.info,US
32e44bf7-1fc5-4c74-aba9-723d18cb81d0,Store-emails,,,,,my.store-emails.com,NULL
932e1967-3bdf-4cbf-9fb2-f976119b1f00,Nintendo,,,,,nintendo.net,US
b228e59c-06c2-4837-969a-786674ce0284,ebay,,,,,info.ebay.co.uk,US
6382fb6e-c8fe-4c7a-9811-370759a59d72,Lidl US,,,,,messages.accounts.lidl.com,DE
fea595ff-791a-48b7-b2f5-dd61a5e35e31,Yelp,,,,,mail.yelp.com,NULL
fe3435ae-580c-4a18-8ca3-0cb01d0ed440,Instacartemail,,,,,customers.instacartemail.com,NULL
68661db6-369f-4053-8391-4f4ea74d734a,IMDb,,,,,imdb.com,US
af0e500a-3f91-4334-a367-e1a5ec73e5fe,Riotgames,,,,,umail.accounts.riotgames.com,US
f2feefaa-b31e-43d9-a3f4-9c888da1be1e,Ryanairemail,,,,,ryanairemail.com,IE
896c4dcc-4d84-4ec6-bc04-6bdf17cd8d43,Chase,,,,,e.chase.com,US
44f47d1b-e394-446b-b2f4-fc59f6aa47d7,Ebay,,,,,reply5.ebay.com,US
0ba26dd0-49dc-41e0-b59a-59d1e9a9d5bc,Invalidemail,,,,,invalidemail.com,NULL
XhXr7XM9IGJCZ9aejlyVewmiUdGOp6T9xNoN,Strava,,,,,strava.com,US
5bd60953-8fe4-4d0f-a446-e5067c31b4ac,Groupon,,,,,r.groupon.com,US
e2bc1ea1-8610-41ec-9465-036e12294548,BrassRring,,,,,trm.brassring.com,US
RzzyVBYlikApFXg1EVsHpmR9RYYYhlNxQypV,Evernote,,,,,evernote.com,US
xVCdSifd284ujBSDZZtrJQOqzOPbc10EGGGd,Roblox,,,,,roblox.com,US
645fe1a2-abcd-4341-8740-e523a3f702f8,Shein,,,,,usmail.shein.com,CN
igYWThKtjR5R796oykAfKl5NjHGbwvgMGMyo,Vodafone,,,,,vodafone.com,GB
4OY6oCCIqDdh1RLkbCde0fV7J9HOXiDOJwhz,Wizz Air,,,,,wizzair.com,HU
7a332e31-bb8a-4cfa-961f-342f700004a5,Supercell,,,,,news.supercell.com,FI
fed87269-10e4-44af-8998-d16b926c26b6,Bestbuy,,,,,email.bestbuy.com,US
f8f0ec2d-2ffd-4ff1-a826-6a40eb95d4ab,Opentable,,,,,mgs.opentable.com,US
06fbb9fe-6ec1-4967-ab93-500b745e1d95,Evite,,,,,mailva.evite.com,NULL
AEStV7sDvCwJH5SkhAsUPfS1Z5aqq5XSKCQL,Meetup,,,,,meetup.com,NULL
b07c1c9c-d9ce-4611-8d12-225a9e937f94,Coursera,,,,,email.coursera.org,US
Q0aSDtMkSiRDi2OYIjoQ5eHtOhhDMG1fJQjX,Skillshare,,,,,skillshare.com,US
ea8a6fa1-f228-45b1-a12f-e0ce2fdf457c,DocuSign,,,,,docusign.com,US
9849b12a-3595-488a-9118-bcaa4d57680c,Pinterest Legal,,,,,legal.pinterest.com,US
6sT5dYc0l9p9VJdn2emwIjBh1tZ4aP2o3VlX,Squarespace,,,,,squarespace.com,IE
341c8d7c-15eb-4018-85b9-49c32d608db8,Bumble,,,,,bumble.com,US
489db5db-52a4-45c2-8af8-e4d74beac140,Activision,,,,,updates.activision.com,US
941895be-3c07-48be-9f61-daa30df6fd32,Creditkarma,,,,,creditkarma.com,NULL
34f803ac-cd30-4ace-be87-469682abcb13,Microsoft,,,,,customermail.microsoft.com,US
ead74c2a-8020-48b9-95ac-d55b8d1f971f,Free-now,,,,,mail.free-now.com,NULL
5f448bf3-835a-4a1e-8872-5b88b968dbbd,Fiverr,,,,,announce.fiverr.com,IL
bed69184-8525-4260-9ab5-ad87f8291d7e,Uber,,,,,et.uber.com,US
a40ea90a-2dbc-4db9-b228-2c65d8a16d2c,Alibaba,,,,,email.alibaba.com,NULL
37fc1d8b-94bb-465f-8491-44d8b4b2d36c,Lever,,,,,hire.lever.co,US
91a1b0e5-5e21-48c7-85b9-49b473af318f,Skype,,,,,email.skype.com,LU
c9a0a0d2-3b5f-4a5b-bc5c-b8e42f8bb332,Doodle,,,,,doodle.com,CH
2fb44e63-6027-428d-887a-25006cce2941,Experian,,,,,s.usa.experian.com,NULL
hnGuDhU8FQiXWt8tKugp0OU5PHT1m8S5QLJ3,FAN Courier,,,,,fancourier.ro,RO
70cb9359-68ad-412f-9bbe-d97fb38649e0,IFTTT,,,,,ifttt.com,US
e38c95bb-187d-4086-aaf9-bcf8d63d1de4,Wayfair,,,,,members.wayfair.com,NULL
2188a276-f897-4b49-9668-5a9d7f90eea2,Sephora,,,,,beauty.sephora.com,FR
48a57177-6288-47ef-9899-0dc024bef4e2,Binance,,,,,ses.binance.com,IE
E0jdU91Lb57vRYqqAO6Smc6fKFs6gxlwbveI,H&M,,,,,hm.com,SE
562027ab-500e-4ba9-ad24-742715f3fc44,Chipotle,,,,,email.chipotle.com,NULL
b4a33dd4-dc06-45fa-95ce-3e5e141e79fd,Grubhub,,,,,a.grubhub.com,NULL
be4b7172-7720-4248-91f3-740bc5c98e94,SafeOpt,,,,,safeopt.com,NULL
VLjH1rRCldP3xRMJf60s0fznjeT7OPtK41NO,Ubisoft,,,,,ubisoft.com,FR
9e46c247-2f93-4d61-9e11-9637d33d40fc,Microsoft,,,,,microsoftstore.microsoft.com,US
77a5b924-469a-4ba2-b0fd-b0bb7be42bae,Govdelivery,,,,,public.govdelivery.com,NULL
enKmIxGs6nHGXzi7KU9dZQNAcWYA7ACVvIj2,easyJet,,,,,easyjet.com,GB
2dc96e9b-1ad4-4e40-8f6a-e083af6bc40c,Toast-restaurants,,,,,toast-restaurants.com,NULL
849631f8-78b0-4fde-9ad1-16823b44e564,SheerID,,,,,sheerid.com,US
5604020f-e4ef-436e-9d26-82d8ada6bf21,Fitbit,,,,,fitbit.com,US
0yNUEYRRzWlhYz4nUKUP8QsOkNZXdxplDLi1,G2A,,,,,g2a.com,PL
9e56947a-e413-4655-b5d5-77405090f773,Temuemail,,,,,info.temuemail.com,NULL
9334aa91-db9f-4104-a151-696fba20bbb9,Starbucks,,,,,starbucks.com,US
9d8ef9c7-3502-409d-9b43-a959bfed7f61,Comcast,,,,,comcast.net,US
552caaa3-e6b8-47b0-bd1d-ca43842b8bdb,Samsung,,,,,samsungcloud.com,KR
f2d998e0-f60a-49ab-a53c-dfab91b6b26f,Depop,,,,,alerts.depop.com,GB
8d69b405-127b-4f3d-8f60-4d88fc05b99e,Etoro,,,,,connect.etoro.com,IL
514e419b-f803-47de-8159-0bb1e935abe1,ebay,,,,,members.ebay.co.uk,US
72f6f931-f37e-4d3c-a4c3-6eb96ce9f9bc,Umusic-online,,,,,us.umusic-online.com,NULL
9fe54a94-a558-4824-b10f-73c9846dc9e5,Amazon,,,,,email.health.amazon.com,US
c95ba03a-20a8-470a-8fa2-5da1ba482735,Bolt,,,,,rides-promotions.bolt.eu,NULL
70f0927a-b11f-4389-bf7c-5f5871e989e4,Udemy,,,,,e.udemymail.com,US
7c6084ed-a616-4549-af9f-e7374f8c5619,Tripadvisor,,,,,e.tripadvisor.com,NULL
67ad0ede-4734-4e98-b534-a2dcd1e9c33a,Ubi,,,,,ubi.com,NULL
fa116382-d9eb-43a1-b2e9-51061c7fa798,NULL,,,,,proxyvote.com,NULL
9948c35d-eca0-4b38-84c2-ab85c324e6cc,Amazonmusic,,,,,amazonmusic.com,NULL
2b535d17-0fb4-4d5a-9a86-c89e89554282,Ziprecruiter,,,,,ziprecruiter.com,NULL
5dd3fa7c-c7bd-4ec2-a3c6-ccb2460d1436,Vsco,,,,,official.vsco.co,US
bf64764e-b388-4b64-b26a-07f887e5d145,Nianticlabs,,,,,news.nianticlabs.com,US
raVSnCuUxkQNbVLe4TTZX79K61M8cZHiS181,NordVPN,,,,,nordvpn.com,PA
75f4bb4a-c846-497c-86dd-e96f9776f37b,Microsoft,,,,,e-mail.microsoft.com,NULL
a0583ec2-e93c-46ac-9d22-da59c584dfb0,Epicgames,,,,,mail.epicgames.com,US
PIjk8yZB1S6EA8iRNfaC5oTTfs0vnlg5ksbn,Declic,,,,,declic.ro,RO
ea56efa0-c530-482e-9b9a-e1eccac0378f,Delta,,,,,t.delta.com,US
cf06f618-c44f-4dd5-a6b5-32ce53d40e12,Fandango,,,,,movies.fandango.com,NULL
34c77bc7-dbc0-42fa-9ad3-86fb5c665ea6,Scribd,,,,,hello.scribd.com,US
QtYPbifU1BEXiNfquzwIa29N8GcJsg66EQ4d,Ryanair,,,,,ryanair.com,IE
5bb8cc4a-b830-49a4-973b-9e5dd61bb269,Hm,,,,,delivery.hm.com,NULL
70dd1cd4-66de-4149-a7d7-4809e87c8db2,Asos,,,,,official.asos.com,NULL
6cd9fe51-f5d5-4863-8db9-b5b477e988cb,Unroll,,,,,unroll.me,NULL
1d5da5ac-b1fa-4e3b-8d7a-dd530b32c3c0,Wix,,,,,notifications.wix.com,US
03e9973a-c7ba-4f22-bf24-f634b1ec8831,Gleam,,,,,gleam.io,AU
7WAQZyZoUBeXvhylH5R369KbaaTPlMJ4mI3S,NULL,,,,,ghiseul.ro,RO
26fed0c0-b896-4881-8a81-929bd25b9232,Decathlon,,,,,service.decathlon.com,FR
d2cc422a-6de9-4786-89cf-db567e20bff8,Nvidia,,,,,nvgaming.nvidia.com,NULL
0b3666b1-52d0-4b51-a1b6-dc9fc39db230,Resy,,,,,resy.com,NULL
299ca8ed-8c40-4f95-981a-6413c60f009e,Aliexpress,,,,,info.aliexpress.com,CN
IVPwW6XtTW1WpZ74V5Ds26iCgJWjfM1nN6E6,TradingView,,,,,tradingview.com,US
ea25dfea-3332-4622-a133-2a027bae052b,Rdsnet,,,,,bounce.rdsnet.ro,NULL
5fc2af08-313f-4d9b-b7cb-6e5ad2667707,Temuemail,,,,,eu-shop.temuemail.com,NULL
dde7d90a-ed68-4a24-9d50-ef4b57df1a20,Delta,,,,,o.delta.com,US
266eaf53-eeff-4a15-851b-87451ce4230e,Yelp,,,,,yelp.com,NULL
kBzDYavePWjCbLPcqcyHmnHLzWOgOvBxikn5,Klarna Bank,,,,,klarna.com,SE
58f60067-8716-4e09-a527-af91f5f8cfe8,Crypto,,,,,serviceinfo.crypto.com,SG
d9f089e0-0ad1-4d7e-995d-ee3187c2fc48,Temu,,,,,order.temu.com,NULL
fb445deb-3350-446e-b75b-dd0cb89182a2,Activision,,,,,comms.activision.com,US
64940ca8-d42e-44c5-a725-8560b3cfee10,Usps,,,,,email.informeddelivery.usps.com,NULL
df0769e2-d37f-4b01-9926-3bb9faeb776c,Samsung,,,,,innovations.samsungusa.com,KR
1e958615-8b83-47ad-abd7-b9d54e9c3466,Kajabimail,,,,,t.kajabimail.com,US
0b38c6c9-b9f8-42fc-9463-ee384eb0da76,Meta,,,,,email.meta.com,NULL
886764a0-0698-415d-8057-5f6af0343575,Hotels,,,,,eg.hotels.com,NULL
38ebd06c-eb8f-4ded-8f0a-89e04e6bf620,Apple,,,,,applepay.apple.com,US
e343f465-6de1-4f7d-8ce6-c0f2c2cfb3bc,Judgeme,,,,,judgeme.email,NULL
58f2816a-db02-44ff-b807-efc6c4d46450,Tp-link,,,,,email.tp-link.com,CN
86603c2b-1ac4-4ee2-91fb-12839ce118f5,Microsoft,,,,,email2.microsoft.com,US
0b04d4d2-4c4a-4e95-bc59-f5767e56d767,Amazon,,,,,business.amazon.com,US
9Mp4UU4UiC4cw3iXQZlAUSSBo0hl7SIGjF6p,Deezer,,,,,deezer.com,FR
13a324e2-a081-44d4-a038-279e4a20fce7,Wix,,,,,crm.wix.com,IL
a03533ce-08f3-411d-9c6c-b1153dec33d3,Authorize,,,,,mail.authorize.net,NULL
d4780151-00fb-4235-abf7-629230cc36be,Hbomax,,,,,mail.hbomax.com,US
90c5ee0b-1367-4103-af5b-6f49e99d2194,Id,,,,,id.me,NULL
6b3eb7a5-6cf7-44cb-a459-d41d96687a94,Indeed,,,,,match.indeed.com,NULL
0199d1d1-b380-4227-b9e7-1d2c3cb30c67,Target,,,,,oe1.target.com,NULL
54694032-0524-4fd6-9ac6-a189417b2c10,BestJobs,,,,,bestjobs.eu,RO
c97e1583-8b50-4440-ae99-8be977354580,Life360,,,,,transactional.life360.com,US
3b35742a-b4a6-4c66-82da-edb695c4d7cc,Rockstargames,,,,,newsletter.rockstargames.com,US
e221f729-3dec-4f94-b366-dc6de0676f57,Eventbrite,,,,,plans.eventbrite.com,NULL
548d50e3-e30a-4cc7-978c-d28e93016b35,Ryanair,,,,,care.ryanair.com,IE
fea68f79-d016-4795-b4e7-832bd178e4d2,ABOUT YOU,,,,,aboutyou.com,DE
28cc3dda-bf46-4bb3-ac38-3812932ebd40,Blizzard,,,,,e.blizzard.com,US
0f386f7b-94de-4b67-a8e6-3072ea50dacb,American Airlines,,,,,info.email.aa.com,US
ecfb88a7-0ebf-40e4-9a6a-1ce1dc6d2a5e,Ancestry,,,,,email.ancestry.com,NULL
2ba56fe7-62e1-4d76-8562-aa3ea1d99184,Rocketmoney,,,,,email.rocketmoney.com,RO
8db6ce23-7666-48aa-b69c-6fc973ff808e,Battle,,,,,e.battle.net,NULL
6b4e883d-fe0d-41a3-b433-17fc3e860313,Lime,,,,,marketing.li.me,US
01944ba9-b1d7-42b7-9bc4-df8191852484,Myfitnesspal,,,,,email.myfitnesspal.com,NULL
eb877c82-11bb-4663-839c-e3dd7efd3d36,Threads,,,,,mail.threads.net,NULL
076c8d0b-cc30-420e-b8b6-e245e8e920e0,Alltrails,,,,,email.alltrails.com,US
ygtwTorEtLi2Ob5Pc3mtGouDeuF7UHL3QeNF,Crypto.com,,,,,crypto.com,SG
cf0135a2-f5e5-460c-a15e-092d2d91ac95,Qualtrics,,,,,qualtrics-research.com,US
3337eb43-2cbc-42ad-a6dd-15c748c64f95,Hinge,,,,,mail.hinge.co,NULL
fac06cd6-10f2-4fde-9bba-7efadc316fb1,Fedex,,,,,message.fedex.com,US
Nhgbh2XB2k1rBhQSQsyCuzJ5dzkzA1KV0SvG,Microsoft,,,,,microsoftstoreemail.com,US
c876fb0e-fcde-41b2-b1bb-b970bff25bed,Capitalone,,,,,message.capitalone.com,US
82dbab8c-0f4a-4e07-92e1-9ce4defd0d3b,Wbgames,,,,,email.wbgames.com,NULL
6d469ed9-4c88-409f-ae31-7248409336b7,Hellofresh,,,,,g.hellofresh.com,US
6b049f07-3f11-453c-960b-a0ac949a3cb8,Pgsurveying,,,,,patients.pgsurveying.com,NULL
Lr1mraKgey28lu9oP4Lrl7DcuNBl2Gyg8vGa,Ymail,,,,,ymail.com,NULL
0d8c5679-8431-4668-9c0d-2bfba86221b9,Hilton,,,,,h5.hilton.com,NULL
77b12941-8f17-4cdc-801c-eb5e4e64107a,Wizznews,,,,,travel.wizznews.com,NULL
3bc1ddf5-92fc-4aa1-8661-be06a067a789,Clean,,,,,clean.email,NULL
dbe77414-0016-411e-8005-4f1aae92b788,Sweatcoin,,,,,sweatco.in,GB
2d04ec5e-a6a0-4d2a-93be-825c36566f40,Myunidays,,,,,myunidays.com,NULL
ca88de8e-7a24-4138-be58-060050954653,Postmates,,,,,postmates.com,NULL
ekKLhIzKVl4hqJEUMcmEyL04MPlCLUaN4Q6r,Echosign,,,,,echosign.com,
79fb712d-b77a-4267-b0cf-5294047a7dc3,Medallia,,,,,express10.medallia.com,US
4de13b6a-6af9-4350-a39e-03e9507b2b0e,Usps,,,,,usps.gov,NULL
f64def78-c51b-4a9f-9eb3-1a3151533dd2,Soundcloud,,,,,notifications.soundcloud.com,DE
ed89f35e-d5f5-4637-9923-c7485097002a,Orange Romania,,,,,news.orange.ro,RO
275a9739-c971-45e1-a107-6e936b9255dc,Co,,,,,yodel.co.uk,NULL
f002b2ff-cf2a-4d92-9554-577cc8ecae84,Chase,,,,,alertsp.chase.com,US
86ad842c-79e1-46dd-97d6-a322183b0648,Skype,,,,,notifications.skype.com,LU
37b8d748-d5d4-47ac-ac52-57163fc9e3f0,Tiktok,,,,,email.tiktok.com,NULL
